<wpml-config>
  <custom-types>
    <custom-type translate="0">rule_setting_tab</custom-type>
    <custom-type translate="0">affiliate_user_post</custom-type>
    <custom-type translate="0">payout_post</custom-type>
    <custom-type translate="0">commission_post</custom-type>
    <custom-type translate="0">registration_post</custom-type>
  </custom-types>
  <custom-fields>
    <custom-field action="ignore">addify_af_pr_field_label</custom-field>
    <custom-field action="ignore">addify_af_pr_field_type</custom-field>
    <custom-field action="ignore">addify_af_pr_field_placeholder</custom-field>
    <custom-field action="ignore">addify_af_pr_field_status</custom-field>
    <custom-field action="ignore">addify_af_pr_field_required</custom-field>
    <custom-field action="ignore">addify_af_pr_selected_user_role</custom-field>
    <custom-field action="ignore">addify_af_pr_discount_amount</custom-field>
    <custom-field action="ignore">addify_af_pr_discount_amount_type</custom-field>
    <custom-field action="ignore">discount_type</custom-field>
    <custom-field action="ignore">addify_af_pr_apply_all</custom-field>
    <custom-field action="ignore">addify_af_pr_inform_existing_affiliates</custom-field>
    <custom-field action="ignore">addify_af_pr_applied_products</custom-field>
    <custom-field action="ignore">addify_af_pr_applied_categories</custom-field>
    <custom-field action="ignore">addify_af_pr_applied_brands</custom-field>
    <custom-field action="ignore">addify_af_pr_value_min</custom-field>
    <custom-field action="ignore">addify_af_pr_value_max</custom-field>
    <custom-field action="ignore">addify_af_pr_rule_commission_rate_type</custom-field>
    <custom-field action="ignore">addify_af_pr_rule_commission_rate_value</custom-field>
    <custom-field action="ignore">addify_af_pr_rule_expiry_date</custom-field>
  </custom-fields>
  <admin-texts>
    <key name="Addify_Af_Pr_affiliate_setting_apply_on_all_affiliates"/>
    <key name="Addify_Af_Pr_affiliate_setting_default_status">
      <key name="0"/>
    </key>
    <key name="Addify_Af_Pr_affiliate_setting_enable"/>
    <key name="Addify_Af_Pr_affiliate_setting_enable_auto_manual"/>
    <key name="Addify_Af_Pr_affiliate_setting_enable_new_affiliation_email"/>
    <key name="Addify_Af_Pr_affiliate_setting_enable_registration_fields"/>
    <key name="Addify_Af_Pr_affiliate_setting_endpoint_title"/>
    <key name="Addify_Af_Pr_affiliate_setting_prevent_own_referral"/>
    <key name="Addify_Af_Pr_affiliate_setting_price_adjustment_table">
      <key name="0">
        <key name="name"/>
        <key name="earning_from"/>
        <key name="earning_to"/>
        <key name="commission_rate"/>
        <key name="commission_rate_type"/>
        <key name="status"/>
      </key>
    </key>
    <key name="Addify_Af_Pr_affiliate_setting_referral_cookie_expiry_time"/>
    <key name="Addify_Af_Pr_affiliate_setting_restriction_message"/>
    <key name="Addify_Af_Pr_payment_method_restriction">
      <key name="0"/>
    </key>
    <key name="Addify_Af_Pr_roles_selected">
      <key name="0"/>
    </key>
    <key name="Addify_Af_Pr_specific_affiliate_include_exclude">
      <key name="0"/>
    </key>
    <key name="Addify_Af_Pr_specific_affiliate_include_exclude_value">
      <key name="0"/>
    </key>
    <key name="Addify_Af_Pr_specific_affiliate_restrict">
      <key name="0"/>
    </key>
  </admin-texts>
</wpml-config>