<wpml-config>
  <custom-types>
    <custom-type translate="0">trial_rule_tab</custom-type>
    <custom-type translate="0">trial_log_tab</custom-type>
  </custom-types>
  <custom-fields>
    <custom-field action="ignore">addify_tbyb_enablerule</custom-field>
    <custom-field action="ignore">addify_tbyb_replace_add_to_cart</custom-field>
    <custom-field action="ignore">addify_tbyb_apply_all</custom-field>
    <custom-field action="ignore">addify_tbyb_enable_monthly_product_limit</custom-field>
    <custom-field action="ignore">addify_tbyb_set_monthly_product_limit</custom-field>
    <custom-field action="ignore">addify_tbyb_enable_monthly_purchase_limit_per_customer</custom-field>
    <custom-field action="ignore">addify_tbyb_set_monthly_purchase_limit_per_customer</custom-field>
    <custom-field action="ignore">addify_tbyb_product_selction</custom-field>
    <custom-field action="ignore">addify_tbyb_brand_selction</custom-field>
    <custom-field action="ignore">addify_tbyb_category_selction</custom-field>
    <custom-field action="ignore">addify_tbyb_shipping_zones</custom-field>
    <custom-field action="ignore">addify_tbyb_instructions</custom-field>
    <custom-field action="ignore">addify_tbyb_heading</custom-field>
    <custom-field action="ignore">addify_tbyb_ipinfo_api_key</custom-field>
    <custom-field action="ignore">addify_tbyb_country_selection</custom-field>
    <custom-field action="ignore">addify_tbyb_user_roles</custom-field>
    <custom-field action="ignore">addify_tbyb_trial_start_on_order_status</custom-field>
    <custom-field action="ignore">addify_tbyb_trial_period</custom-field>
    <custom-field action="ignore">addify_tbyb_trial_products</custom-field>
    <custom-field action="ignore">addify_tbyb_order_id</custom-field>
    <custom-field action="ignore">addify_tbyb_created_at</custom-field>
  </custom-fields>
  <admin-texts>
    <key name="Addify_TBYB_allow_custom_return_reason"/>
    <key name="Addify_TBYB_allow_late_fee_returns"/>
    <key name="Addify_TBYB_allow_return_extension_window"/>
    <key name="Addify_TBYB_button_background_color"/>
    <key name="Addify_TBYB_button_icon"/>
    <key name="Addify_TBYB_button_text_color"/>
    <key name="Addify_TBYB_charge_amount"/>
    <key name="Addify_TBYB_charge_amount_type"/>
    <key name="Addify_TBYB_custom_return_reason">
      <key name="0">
        <key name="name"/>
        <key name="return_reason"/>
        <key name="status"/>
      </key>
    </key>
    <key name="Addify_TBYB_file_upload"/>
    <key name="Addify_TBYB_file_upload_allowed_extension"/>
    <key name="Addify_TBYB_return_extension_window"/>
    <key name="Addify_TBYB_trial_fee_charge"/>
    <key name="Addify_TBYB_trial_pp_behaviour"/>
    <key name="addify_TBYB_trial_products_1">
      <key name="621">
        <key name="0">
          <key name="id"/>
          <key name="order_id"/>
          <key name="product"/>
          <key name="product_id"/>
          <key name="variation_id"/>
          <key name="product_variation_data"/>
          <key name="start"/>
          <key name="end"/>
          <key name="display_price"/>
          <key name="price"/>
          <key name="shipping_cost"/>
          <key name="status"/>
          <key name="reason"/>
        </key>
        <key name="1">
          <key name="id"/>
          <key name="order_id"/>
          <key name="product"/>
          <key name="product_id"/>
          <key name="variation_id"/>
          <key name="product_variation_data">
            <key name="attribute_pa_color"/>
            <key name="attribute_logo"/>
            <key name="attribute_size"/>
          </key>
          <key name="start"/>
          <key name="end"/>
          <key name="display_price"/>
          <key name="price"/>
          <key name="shipping_cost"/>
          <key name="status"/>
          <key name="reason"/>
        </key>
      </key>
      <key name="624">
        <key name="0">
          <key name="id"/>
          <key name="order_id"/>
          <key name="product"/>
          <key name="product_id"/>
          <key name="variation_id"/>
          <key name="product_variation_data"/>
          <key name="start"/>
          <key name="end"/>
          <key name="display_price"/>
          <key name="price"/>
          <key name="shipping_cost"/>
          <key name="status"/>
          <key name="reason"/>
        </key>
      </key>
      <key name="626">
        <key name="0">
          <key name="id"/>
          <key name="order_id"/>
          <key name="product"/>
          <key name="product_id"/>
          <key name="variation_id"/>
          <key name="product_variation_data"/>
          <key name="start"/>
          <key name="end"/>
          <key name="display_price"/>
          <key name="price"/>
          <key name="shipping_cost"/>
          <key name="status"/>
          <key name="reason"/>
        </key>
      </key>
      <key name="628">
        <key name="0">
          <key name="id"/>
          <key name="order_id"/>
          <key name="product"/>
          <key name="product_id"/>
          <key name="variation_id"/>
          <key name="product_variation_data"/>
          <key name="start"/>
          <key name="end"/>
          <key name="display_price"/>
          <key name="price"/>
          <key name="shipping_cost"/>
          <key name="status"/>
          <key name="reason"/>
        </key>
      </key>
    </key>
    <key name="Addify_TBYB_use_custom_style"/>
  </admin-texts>
</wpml-config>